{"accuracy/top1": 2.9002320766448975, "data_time": 8.83340835571289e-05, "time": 0.03406221866607666}