{"accuracy/top1": 80.3944320678711, "data_time": 0.00015332698822021485, "time": 0.03518218994140625}