{"accuracy/top1": 2.552204132080078, "data_time": 9.181499481201172e-05, "time": 0.034253716468811035}