{"accuracy/top1": 5.800464153289795, "data_time": 0.0001476287841796875, "time": 0.035010242462158205}