{"accuracy/top1": 2.9002320766448975, "data_time": 9.241104125976563e-05, "time": 0.03420255184173584}