{"accuracy/top1": 57.88862991333008, "data_time": 8.664131164550781e-05, "time": 0.03428480625152588}